Descriptions,Ids,
Walkthrough guide of the last wish raid -- <a href = https://www.youtube.com/watch?v=LGIE7zrVYdM >CLICK ME</a>, referencesID, 
walkthrough guide for garden of salvation raid -- <a href = https://www.youtube.com/watch?v=froVY9nlLCc >CLICK ME</a> ,referencesID,
walkthrough guide for deep stone crypt raid -- <a href = https://www.youtube.com/watch?v=05vQIHhBmr4 >CLICK ME</a> ,referencesID,
walkthrough guide for VOG raid -- <a href = https://www.youtube.com/watch?v=o4Ac6s2OA3g >CLICK ME</a> ,referencesID,
Lore video essay for VOG -- <a href = https://www.youtube.com/watch?v=wKVlJdQgiEI >CLICK ME</a>, referencesID,
summary from fans for VOG lore -- <a href = https://www.reddit.com/r/DestinyTheGame/comments/5fnxz1/the_story_behind_the_vault_of_glass/  >CLICK ME</a>, referencesID,
lore video essay for Garden of salvation -- <a href = https://www.youtube.com/watch?v=zUH2Ah3JYEY >CLICK ME</a>, referencesID,
official fan wiki for Garden of salvation lore -- <a href = https://www.destinypedia.com/Garden_of_Salvation >CLICK ME</a>, referencesID,
summary from fans for Garden of salvation lore -- <a href = https://www.reddit.com/r/DestinyLore/comments/i4ud8l/garden_of_salvation_lore/ >CLICK ME</a>, referencesID,
lore video essay for DeepStone crypyt -- <a href = https://www.youtube.com/watch?v=8FhlC_cQvhU >CLICK ME</a>, referencesID,
fan wiki overview of deepstone crypt lore -- <a href = https://www.ishtar-collective.net/categories/deep-stone-crypt >CLICK ME</a>, referencesID,
fan wiki overview of deepstone crypt lore -- <a href = https://www.destinypedia.com/Deep_Stone_Crypt_(raid) >CLICK ME</a>, referencesID,
summary from fans for last wish lore -- <a href = https://www.reddit.com/r/DestinyLore/comments/mppzcp/last_wish_lore_help/ >CLICK ME</a>, referencesID,
fan wiki lore for riven/last wish -- <a href = https://www.destinypedia.com/Riven_of_a_Thousand_Voices >CLICK ME</a>, referencesID,
last wish overall wiki -- <a href = https://destiny.fandom.com/wiki/Last_Wish >CLICK ME</a>, referencesID

